"Geographic code","Geographic name","Global non-response rate","Data quality flag","Aboriginal languages","Mother tongue","Language spoken most often at home","Other language(s) spoken regularly at home"
"01","Canada","4.0","20000","Aboriginal languages","213225","137515","91780"
"01","Canada","4.0","20000"," Algonquian languages","143160","89795","63820"
"01","Canada","4.0","20000","   Blackfoot","3465","1855","3090"
"01","Canada","4.0","20000","   Cree-Montagnais languages","96260","64825","37955"
"01","Canada","4.0","20000","     Atikamekw","6295","5810","580"
"01","Canada","4.0","20000","     Montagnais (Innu)","10710","9500","1480"
"01","Canada","4.0","20000","     Moose Cree","125","50","70"
"01","Canada","4.0","20000","     Naskapi","1230","1215","135"
"01","Canada","4.0","20000","     Northern East Cree","365","210","165"
"01","Canada","4.0","20000","     Plains Cree","3655","2165","2125"
"01","Canada","4.0","20000","     Southern East Cree","50","30","10"
"01","Canada","4.0","20000","     Swampy Cree","1805","915","840"
"01","Canada","4.0","20000","     Woods Cree","2040","1110","950"
"01","Canada","4.0","20000","     Cree, n.o.s.","69975","43830","31600"
"01","Canada","4.0","20000","   Eastern Algonquian languages","7500","4340","3880"
"01","Canada","4.0","20000","     Malecite","355","110","380"
"01","Canada","4.0","20000","     Mi'kmaq","7140","4225","3505"
"01","Canada","4.0","20000","   Ojibway-Potawatomi languages","35870","18760","18820"
"01","Canada","4.0","20000","     Algonquin","1600","840","890"
"01","Canada","4.0","20000","     Ojibway","20470","9005","12805"
"01","Canada","4.0","20000","     Oji-Cree","13630","8800","5055"
"01","Canada","4.0","20000","     Ottawa (Odawa)","170","120","70"
"01","Canada","4.0","20000","   Algonquian languages, n.i.e.","65","20","65"
"01","Canada","4.0","20000"," Athabaskan languages","18785","11640","8075"
"01","Canada","4.0","20000","   Northern Athabaskan languages","18720","11615","8035"
"01","Canada","4.0","20000","     Babine (Wetsuwet'en)","135","40","105"
"01","Canada","4.0","20000","     Beaver","220","85","105"
"01","Canada","4.0","20000","     Carrier","1225","475","810"
"01","Canada","4.0","20000","     Chilcotin","795","385","435"
"01","Canada","4.0","20000","     Dene","11325","8315","3470"
"01","Canada","4.0","20000","     Dogrib (Tlicho)","1735","1135","925"
"01","Canada","4.0","20000","     Gwich'in","295","65","225"
"01","Canada","4.0","20000","     Sarsi (Sarcee)","90","15","95"
"01","Canada","4.0","20000","     Sekani","100","20","80"
"01","Canada","4.0","20000","     Slavey-Hare languages","2120","955","1260"
"01","Canada","4.0","20000","       North Slavey (Hare)","815","405","400"
"01","Canada","4.0","20000","       South Slavey","995","430","680"
"01","Canada","4.0","20000","       Slavey, n.o.s.","310","125","170"
"01","Canada","4.0","20000","     Tahltan languages","305","65","360"
"01","Canada","4.0","20000","       Kaska (Nahani)","195","45","195"
"01","Canada","4.0","20000","       Tahltan","110","20","160"
"01","Canada","4.0","20000","     Tutchone languages","375","60","165"
"01","Canada","4.0","20000","       Northern Tutchone","285","45","95"
"01","Canada","4.0","20000","       Southern Tutchone","80","15","70"
"01","Canada","4.0","20000","   Athabaskan languages, n.i.e.","65","20","45"
"01","Canada","4.0","20000"," Haida","135","35","250"
"01","Canada","4.0","20000"," Inuit languages","37715","30610","10195"
"01","Canada","4.0","20000","   Inuinnaqtun","675","150","905"
"01","Canada","4.0","20000","   Inuktitut","36185","30240","8790"
"01","Canada","4.0","20000","   Inuvialuktun","475","65","350"
"01","Canada","4.0","20000","   Inuit languages, n.i.e.","380","145","150"
"01","Canada","4.0","20000"," Iroquoian languages","1485","680","1390"
"01","Canada","4.0","20000","   Cayuga","55","35","70"
"01","Canada","4.0","20000","   Mohawk","1295","570","1145"
"01","Canada","4.0","20000","   Oneida","90","55","125"
"01","Canada","4.0","20000","   Iroquoian languages, n.i.e.","45","15","50"
"01","Canada","4.0","20000"," Kutenai","115","25","120"
"01","Canada","4.0","20000"," Michif","725","275","360"
"01","Canada","4.0","20000"," Salish languages","2870","700","2975"
"01","Canada","4.0","20000","   Comox","90","5","105"
"01","Canada","4.0","20000","   Halkomelem","585","105","580"
"01","Canada","4.0","20000","   Lillooet","360","60","465"
"01","Canada","4.0","20000","   Okanagan","335","155","340"
"01","Canada","4.0","20000","   Shuswap (Secwepemctsin)","640","210","625"
"01","Canada","4.0","20000","   Squamish","60","15","140"
"01","Canada","4.0","20000","   Straits","110","45","235"
"01","Canada","4.0","20000","   Thompson (Ntlakapamux)","380","50","240"
"01","Canada","4.0","20000","   Salish languages, n.i.e.","300","65","235"
"01","Canada","4.0","20000"," Siouan languages","4605","2545","2050"
"01","Canada","4.0","20000","   Dakota","1320","360","835"
"01","Canada","4.0","20000","   Stoney","3215","2150","1160"
"01","Canada","4.0","20000","   Siouan languages, n.i.e.","70","35","55"
"01","Canada","4.0","20000"," Tlingit","120","10","150"
"01","Canada","4.0","20000"," Tsimshian languages","1725","605","1280"
"01","Canada","4.0","20000","   Gitxsan (Gitksan)","1020","430","540"
"01","Canada","4.0","20000","   Nisga'a","470","115","580"
"01","Canada","4.0","20000","   Tsimshian","235","60","160"
"01","Canada","4.0","20000"," Wakashan languages","1060","240","695"
"01","Canada","4.0","20000","   Haisla","145","70","60"
"01","Canada","4.0","20000","   Heiltsuk","125","10","55"
"01","Canada","4.0","20000","   Kwakiutl (Kwak'wala)","430","75","300"
"01","Canada","4.0","20000","   Nuu-chah-nulth (Nootka)","355","80","260"
"01","Canada","4.0","20000","   Wakashan languages, n.i.e.","10","5","20"
"01","Canada","4.0","20000"," Aboriginal languages, n.o.s.","735","360","425"
"10","Newfoundland and Labrador","4.0","00000","Aboriginal languages","2720","2020","690"
"10","Newfoundland and Labrador","4.0","00000"," Algonquian languages","2170","1860","340"
"10","Newfoundland and Labrador","4.0","00000","   Blackfoot","0","0","0"
"10","Newfoundland and Labrador","4.0","00000","   Cree-Montagnais languages","2150","1840","310"
"10","Newfoundland and Labrador","4.0","00000","     Atikamekw","0","0","0"
"10","Newfoundland and Labrador","4.0","00000","     Montagnais (Innu)","1535","1240","265"
"10","Newfoundland and Labrador","4.0","00000","     Moose Cree","0","0","0"
"10","Newfoundland and Labrador","4.0","00000","     Naskapi","605","600","35"
"10","Newfoundland and Labrador","4.0","00000","     Northern East Cree","0","0","0"
"10","Newfoundland and Labrador","4.0","00000","     Plains Cree","0","0","0"
"10","Newfoundland and Labrador","4.0","00000","     Southern East Cree","0","0","0"
"10","Newfoundland and Labrador","4.0","00000","     Swampy Cree","0","0","0"
"10","Newfoundland and Labrador","4.0","00000","     Woods Cree","0","0","0"
"10","Newfoundland and Labrador","4.0","00000","     Cree, n.o.s.","5","5","0"
"10","Newfoundland and Labrador","4.0","00000","   Eastern Algonquian languages","10","15","35"
"10","Newfoundland and Labrador","4.0","00000","     Malecite","0","0","0"
"10","Newfoundland and Labrador","4.0","00000","     Mi'kmaq","10","15","35"
"10","Newfoundland and Labrador","4.0","00000","   Ojibway-Potawatomi languages","5","5","0"
"10","Newfoundland and Labrador","4.0","00000","     Algonquin","0","0","0"
"10","Newfoundland and Labrador","4.0","00000","     Ojibway","5","0","5"
"10","Newfoundland and Labrador","4.0","00000","     Oji-Cree","0","0","0"
"10","Newfoundland and Labrador","4.0","00000","     Ottawa (Odawa)","0","0","0"
"10","Newfoundland and Labrador","4.0","00000","   Algonquian languages, n.i.e.","0","0","0"
"10","Newfoundland and Labrador","4.0","00000"," Athabaskan languages","0","0","0"
"10","Newfoundland and Labrador","4.0","00000","   Northern Athabaskan languages","0","0","5"
"10","Newfoundland and Labrador","4.0","00000","     Babine (Wetsuwet'en)","0","0","0"
"10","Newfoundland and Labrador","4.0","00000","     Beaver","0","0","0"
"10","Newfoundland and Labrador","4.0","00000","     Carrier","0","0","0"
"10","Newfoundland and Labrador","4.0","00000","     Chilcotin","0","0","0"
"10","Newfoundland and Labrador","4.0","00000","     Dene","0","0","0"
"10","Newfoundland and Labrador","4.0","00000","     Dogrib (Tlicho)","0","0","0"
"10","Newfoundland and Labrador","4.0","00000","     Gwich'in","0","0","0"
"10","Newfoundland and Labrador","4.0","00000","     Sarsi (Sarcee)","0","0","0"
"10","Newfoundland and Labrador","4.0","00000","     Sekani","0","0","0"
"10","Newfoundland and Labrador","4.0","00000","     Slavey-Hare languages","0","0","0"
"10","Newfoundland and Labrador","4.0","00000","       North Slavey (Hare)","0","0","0"
"10","Newfoundland and Labrador","4.0","00000","       South Slavey","0","0","0"
"10","Newfoundland and Labrador","4.0","00000","       Slavey, n.o.s.","0","0","0"
"10","Newfoundland and Labrador","4.0","00000","     Tahltan languages","0","0","0"
"10","Newfoundland and Labrador","4.0","00000","       Kaska (Nahani)","0","0","0"
"10","Newfoundland and Labrador","4.0","00000","       Tahltan","0","0","0"
"10","Newfoundland and Labrador","4.0","00000","     Tutchone languages","0","0","0"
"10","Newfoundland and Labrador","4.0","00000","       Northern Tutchone","0","0","0"
"10","Newfoundland and Labrador","4.0","00000","       Southern Tutchone","0","0","0"
"10","Newfoundland and Labrador","4.0","00000","   Athabaskan languages, n.i.e.","0","0","0"
"10","Newfoundland and Labrador","4.0","00000"," Haida","0","0","0"
"10","Newfoundland and Labrador","4.0","00000"," Inuit languages","545","165","345"
"10","Newfoundland and Labrador","4.0","00000","   Inuinnaqtun","0","0","0"
"10","Newfoundland and Labrador","4.0","00000","   Inuktitut","490","150","315"
"10","Newfoundland and Labrador","4.0","00000","   Inuvialuktun","0","0","0"
"10","Newfoundland and Labrador","4.0","00000","   Inuit languages, n.i.e.","60","5","30"
"10","Newfoundland and Labrador","4.0","00000"," Iroquoian languages","0","0","0"
"10","Newfoundland and Labrador","4.0","00000","   Cayuga","0","0","0"
"10","Newfoundland and Labrador","4.0","00000","   Mohawk","0","0","0"
"10","Newfoundland and Labrador","4.0","00000","   Oneida","0","0","0"
"10","Newfoundland and Labrador","4.0","00000","   Iroquoian languages, n.i.e.","0","0","0"
"10","Newfoundland and Labrador","4.0","00000"," Kutenai","0","0","0"
"10","Newfoundland and Labrador","4.0","00000"," Michif","0","0","0"
"10","Newfoundland and Labrador","4.0","00000"," Salish languages","0","0","0"
"10","Newfoundland and Labrador","4.0","00000","   Comox","0","0","0"
"10","Newfoundland and Labrador","4.0","00000","   Halkomelem","0","0","0"
"10","Newfoundland and Labrador","4.0","00000","   Lillooet","0","0","0"
"10","Newfoundland and Labrador","4.0","00000","   Okanagan","0","0","0"
"10","Newfoundland and Labrador","4.0","00000","   Shuswap (Secwepemctsin)","0","0","0"
"10","Newfoundland and Labrador","4.0","00000","   Squamish","0","0","0"
"10","Newfoundland and Labrador","4.0","00000","   Straits","0","0","0"
"10","Newfoundland and Labrador","4.0","00000","   Thompson (Ntlakapamux)","0","0","0"
"10","Newfoundland and Labrador","4.0","00000","   Salish languages, n.i.e.","0","0","0"
"10","Newfoundland and Labrador","4.0","00000"," Siouan languages","0","0","0"
"10","Newfoundland and Labrador","4.0","00000","   Dakota","0","0","0"
"10","Newfoundland and Labrador","4.0","00000","   Stoney","0","0","0"
"10","Newfoundland and Labrador","4.0","00000","   Siouan languages, n.i.e.","0","0","0"
"10","Newfoundland and Labrador","4.0","00000"," Tlingit","0","0","0"
"10","Newfoundland and Labrador","4.0","00000"," Tsimshian languages","0","0","0"
"10","Newfoundland and Labrador","4.0","00000","   Gitxsan (Gitksan)","0","0","0"
"10","Newfoundland and Labrador","4.0","00000","   Nisga'a","0","0","0"
"10","Newfoundland and Labrador","4.0","00000","   Tsimshian","0","0","0"
"10","Newfoundland and Labrador","4.0","00000"," Wakashan languages","0","0","5"
"10","Newfoundland and Labrador","4.0","00000","   Haisla","0","0","0"
"10","Newfoundland and Labrador","4.0","00000","   Heiltsuk","0","0","0"
"10","Newfoundland and Labrador","4.0","00000","   Kwakiutl (Kwak'wala)","0","0","0"
"10","Newfoundland and Labrador","4.0","00000","   Nuu-chah-nulth (Nootka)","0","0","0"
"10","Newfoundland and Labrador","4.0","00000","   Wakashan languages, n.i.e.","0","0","0"
"10","Newfoundland and Labrador","4.0","00000"," Aboriginal languages, n.o.s.","5","0","0"
"11","Prince Edward Island","4.1","00000","Aboriginal languages","65","20","25"
"11","Prince Edward Island","4.1","00000"," Algonquian languages","60","20","25"
"11","Prince Edward Island","4.1","00000","   Blackfoot","0","0","0"
"11","Prince Edward Island","4.1","00000","   Cree-Montagnais languages","5","0","0"
"11","Prince Edward Island","4.1","00000","     Atikamekw","0","0","0"
"11","Prince Edward Island","4.1","00000","     Montagnais (Innu)","0","0","0"
"11","Prince Edward Island","4.1","00000","     Moose Cree","0","0","0"
"11","Prince Edward Island","4.1","00000","     Naskapi","0","0","0"
"11","Prince Edward Island","4.1","00000","     Northern East Cree","0","0","0"
"11","Prince Edward Island","4.1","00000","     Plains Cree","0","0","0"
"11","Prince Edward Island","4.1","00000","     Southern East Cree","0","0","0"
"11","Prince Edward Island","4.1","00000","     Swampy Cree","0","0","0"
"11","Prince Edward Island","4.1","00000","     Woods Cree","0","0","0"
"11","Prince Edward Island","4.1","00000","     Cree, n.o.s.","0","0","0"
"11","Prince Edward Island","4.1","00000","   Eastern Algonquian languages","55","15","25"
"11","Prince Edward Island","4.1","00000","     Malecite","0","0","0"
"11","Prince Edward Island","4.1","00000","     Mi'kmaq","55","15","25"
"11","Prince Edward Island","4.1","00000","   Ojibway-Potawatomi languages","5","0","0"
"11","Prince Edward Island","4.1","00000","     Algonquin","0","0","0"
"11","Prince Edward Island","4.1","00000","     Ojibway","5","0","0"
"11","Prince Edward Island","4.1","00000","     Oji-Cree","0","0","0"
"11","Prince Edward Island","4.1","00000","     Ottawa (Odawa)","0","0","0"
"11","Prince Edward Island","4.1","00000","   Algonquian languages, n.i.e.","0","0","0"
"11","Prince Edward Island","4.1","00000"," Athabaskan languages","0","0","0"
"11","Prince Edward Island","4.1","00000","   Northern Athabaskan languages","0","0","0"
"11","Prince Edward Island","4.1","00000","     Babine (Wetsuwet'en)","0","0","0"
"11","Prince Edward Island","4.1","00000","     Beaver","0","0","0"
"11","Prince Edward Island","4.1","00000","     Carrier","0","0","0"
"11","Prince Edward Island","4.1","00000","     Chilcotin","0","0","0"
"11","Prince Edward Island","4.1","00000","     Dene","0","0","0"
"11","Prince Edward Island","4.1","00000","     Dogrib (Tlicho)","0","0","0"
"11","Prince Edward Island","4.1","00000","     Gwich'in","0","0","0"
"11","Prince Edward Island","4.1","00000","     Sarsi (Sarcee)","0","0","0"
"11","Prince Edward Island","4.1","00000","     Sekani","0","0","0"
"11","Prince Edward Island","4.1","00000","     Slavey-Hare languages","0","0","0"
"11","Prince Edward Island","4.1","00000","       North Slavey (Hare)","0","0","0"
"11","Prince Edward Island","4.1","00000","       South Slavey","0","0","0"
"11","Prince Edward Island","4.1","00000","       Slavey, n.o.s.","0","0","0"
"11","Prince Edward Island","4.1","00000","     Tahltan languages","0","0","0"
"11","Prince Edward Island","4.1","00000","       Kaska (Nahani)","0","0","0"
"11","Prince Edward Island","4.1","00000","       Tahltan","0","0","0"
"11","Prince Edward Island","4.1","00000","     Tutchone languages","0","0","0"
"11","Prince Edward Island","4.1","00000","       Northern Tutchone","0","0","0"
"11","Prince Edward Island","4.1","00000","       Southern Tutchone","0","0","0"
"11","Prince Edward Island","4.1","00000","   Athabaskan languages, n.i.e.","0","0","0"
"11","Prince Edward Island","4.1","00000"," Haida","0","0","0"
"11","Prince Edward Island","4.1","00000"," Inuit languages","5","0","0"
"11","Prince Edward Island","4.1","00000","   Inuinnaqtun","0","0","0"
"11","Prince Edward Island","4.1","00000","   Inuktitut","5","0","5"
"11","Prince Edward Island","4.1","00000","   Inuvialuktun","0","0","0"
"11","Prince Edward Island","4.1","00000","   Inuit languages, n.i.e.","0","0","0"
"11","Prince Edward Island","4.1","00000"," Iroquoian languages","0","0","0"
"11","Prince Edward Island","4.1","00000","   Cayuga","0","0","0"
"11","Prince Edward Island","4.1","00000","   Mohawk","0","0","0"
"11","Prince Edward Island","4.1","00000","   Oneida","0","0","0"
"11","Prince Edward Island","4.1","00000","   Iroquoian languages, n.i.e.","0","0","0"
"11","Prince Edward Island","4.1","00000"," Kutenai","0","0","0"
"11","Prince Edward Island","4.1","00000"," Michif","0","0","0"
"11","Prince Edward Island","4.1","00000"," Salish languages","0","0","0"
"11","Prince Edward Island","4.1","00000","   Comox","0","0","0"
"11","Prince Edward Island","4.1","00000","   Halkomelem","0","0","0"
"11","Prince Edward Island","4.1","00000","   Lillooet","0","0","0"
"11","Prince Edward Island","4.1","00000","   Okanagan","0","0","0"
"11","Prince Edward Island","4.1","00000","   Shuswap (Secwepemctsin)","0","0","0"
"11","Prince Edward Island","4.1","00000","   Squamish","0","0","0"
"11","Prince Edward Island","4.1","00000","   Straits","0","0","0"
"11","Prince Edward Island","4.1","00000","   Thompson (Ntlakapamux)","0","0","0"
"11","Prince Edward Island","4.1","00000","   Salish languages, n.i.e.","0","0","0"
"11","Prince Edward Island","4.1","00000"," Siouan languages","0","0","0"
"11","Prince Edward Island","4.1","00000","   Dakota","0","0","0"
"11","Prince Edward Island","4.1","00000","   Stoney","0","0","0"
"11","Prince Edward Island","4.1","00000","   Siouan languages, n.i.e.","0","0","0"
"11","Prince Edward Island","4.1","00000"," Tlingit","0","0","0"
"11","Prince Edward Island","4.1","00000"," Tsimshian languages","0","0","0"
"11","Prince Edward Island","4.1","00000","   Gitxsan (Gitksan)","0","0","0"
"11","Prince Edward Island","4.1","00000","   Nisga'a","0","0","0"
"11","Prince Edward Island","4.1","00000","   Tsimshian","0","0","0"
"11","Prince Edward Island","4.1","00000"," Wakashan languages","0","0","0"
"11","Prince Edward Island","4.1","00000","   Haisla","0","0","0"
"11","Prince Edward Island","4.1","00000","   Heiltsuk","0","0","0"
"11","Prince Edward Island","4.1","00000","   Kwakiutl (Kwak'wala)","0","0","0"
"11","Prince Edward Island","4.1","00000","   Nuu-chah-nulth (Nootka)","0","0","0"
"11","Prince Edward Island","4.1","00000","   Wakashan languages, n.i.e.","0","0","0"
"11","Prince Edward Island","4.1","00000"," Aboriginal languages, n.o.s.","0","5","0"
"12","Nova Scotia","3.9","00000","Aboriginal languages","4560","2955","2150"
"12","Nova Scotia","3.9","00000"," Algonquian languages","4460","2920","2080"
"12","Nova Scotia","3.9","00000","   Blackfoot","0","0","0"
"12","Nova Scotia","3.9","00000","   Cree-Montagnais languages","20","5","20"
"12","Nova Scotia","3.9","00000","     Atikamekw","0","0","0"
"12","Nova Scotia","3.9","00000","     Montagnais (Innu)","0","0","0"
"12","Nova Scotia","3.9","00000","     Moose Cree","0","0","0"
"12","Nova Scotia","3.9","00000","     Naskapi","0","0","0"
"12","Nova Scotia","3.9","00000","     Northern East Cree","0","0","0"
"12","Nova Scotia","3.9","00000","     Plains Cree","5","0","0"
"12","Nova Scotia","3.9","00000","     Southern East Cree","0","0","0"
"12","Nova Scotia","3.9","00000","     Swampy Cree","5","0","0"
"12","Nova Scotia","3.9","00000","     Woods Cree","0","0","5"
"12","Nova Scotia","3.9","00000","     Cree, n.o.s.","10","0","15"
"12","Nova Scotia","3.9","00000","   Eastern Algonquian languages","4425","2910","2065"
"12","Nova Scotia","3.9","00000","     Malecite","10","5","5"
"12","Nova Scotia","3.9","00000","     Mi'kmaq","4420","2910","2060"
"12","Nova Scotia","3.9","00000","   Ojibway-Potawatomi languages","15","5","0"
"12","Nova Scotia","3.9","00000","     Algonquin","0","0","0"
"12","Nova Scotia","3.9","00000","     Ojibway","15","0","5"
"12","Nova Scotia","3.9","00000","     Oji-Cree","0","0","0"
"12","Nova Scotia","3.9","00000","     Ottawa (Odawa)","0","0","0"
"12","Nova Scotia","3.9","00000","   Algonquian languages, n.i.e.","0","0","0"
"12","Nova Scotia","3.9","00000"," Athabaskan languages","10","5","0"
"12","Nova Scotia","3.9","00000","   Northern Athabaskan languages","5","0","5"
"12","Nova Scotia","3.9","00000","     Babine (Wetsuwet'en)","0","0","0"
"12","Nova Scotia","3.9","00000","     Beaver","0","0","0"
"12","Nova Scotia","3.9","00000","     Carrier","0","0","0"
"12","Nova Scotia","3.9","00000","     Chilcotin","0","0","0"
"12","Nova Scotia","3.9","00000","     Dene","5","0","0"
"12","Nova Scotia","3.9","00000","     Dogrib (Tlicho)","0","0","0"
"12","Nova Scotia","3.9","00000","     Gwich'in","0","0","0"
"12","Nova Scotia","3.9","00000","     Sarsi (Sarcee)","0","0","0"
"12","Nova Scotia","3.9","00000","     Sekani","0","0","0"
"12","Nova Scotia","3.9","00000","     Slavey-Hare languages","5","0","0"
"12","Nova Scotia","3.9","00000","       North Slavey (Hare)","0","0","0"
"12","Nova Scotia","3.9","00000","       South Slavey","0","0","0"
"12","Nova Scotia","3.9","00000","       Slavey, n.o.s.","0","0","0"
"12","Nova Scotia","3.9","00000","     Tahltan languages","0","0","0"
"12","Nova Scotia","3.9","00000","       Kaska (Nahani)","0","0","0"
"12","Nova Scotia","3.9","00000","       Tahltan","0","0","0"
"12","Nova Scotia","3.9","00000","     Tutchone languages","0","0","0"
"12","Nova Scotia","3.9","00000","       Northern Tutchone","0","0","0"
"12","Nova Scotia","3.9","00000","       Southern Tutchone","0","0","0"
"12","Nova Scotia","3.9","00000","   Athabaskan languages, n.i.e.","0","0","0"
"12","Nova Scotia","3.9","00000"," Haida","0","0","5"
"12","Nova Scotia","3.9","00000"," Inuit languages","75","20","50"
"12","Nova Scotia","3.9","00000","   Inuinnaqtun","5","0","0"
"12","Nova Scotia","3.9","00000","   Inuktitut","65","20","45"
"12","Nova Scotia","3.9","00000","   Inuvialuktun","0","0","0"
"12","Nova Scotia","3.9","00000","   Inuit languages, n.i.e.","10","0","5"
"12","Nova Scotia","3.9","00000"," Iroquoian languages","0","0","5"
"12","Nova Scotia","3.9","00000","   Cayuga","0","5","0"
"12","Nova Scotia","3.9","00000","   Mohawk","0","0","5"
"12","Nova Scotia","3.9","00000","   Oneida","0","0","0"
"12","Nova Scotia","3.9","00000","   Iroquoian languages, n.i.e.","0","0","0"
"12","Nova Scotia","3.9","00000"," Kutenai","0","0","0"
"12","Nova Scotia","3.9","00000"," Michif","5","5","0"
"12","Nova Scotia","3.9","00000"," Salish languages","0","0","0"
"12","Nova Scotia","3.9","00000","   Comox","0","0","0"
"12","Nova Scotia","3.9","00000","   Halkomelem","0","0","0"
"12","Nova Scotia","3.9","00000","   Lillooet","0","0","0"
"12","Nova Scotia","3.9","00000","   Okanagan","0","0","0"
"12","Nova Scotia","3.9","00000","   Shuswap (Secwepemctsin)","0","0","0"
"12","Nova Scotia","3.9","00000","   Squamish","0","0","0"
"12","Nova Scotia","3.9","00000","   Straits","0","0","0"
"12","Nova Scotia","3.9","00000","   Thompson (Ntlakapamux)","0","0","0"
"12","Nova Scotia","3.9","00000","   Salish languages, n.i.e.","0","0","0"
"12","Nova Scotia","3.9","00000"," Siouan languages","0","0","0"
"12","Nova Scotia","3.9","00000","   Dakota","0","0","0"
"12","Nova Scotia","3.9","00000","   Stoney","0","0","0"
"12","Nova Scotia","3.9","00000","   Siouan languages, n.i.e.","0","0","0"
"12","Nova Scotia","3.9","00000"," Tlingit","0","0","0"
"12","Nova Scotia","3.9","00000"," Tsimshian languages","5","0","5"
"12","Nova Scotia","3.9","00000","   Gitxsan (Gitksan)","0","0","0"
"12","Nova Scotia","3.9","00000","   Nisga'a","0","0","0"
"12","Nova Scotia","3.9","00000","   Tsimshian","0","0","0"
"12","Nova Scotia","3.9","00000"," Wakashan languages","0","0","0"
"12","Nova Scotia","3.9","00000","   Haisla","0","0","0"
"12","Nova Scotia","3.9","00000","   Heiltsuk","0","0","0"
"12","Nova Scotia","3.9","00000","   Kwakiutl (Kwak'wala)","0","0","0"
"12","Nova Scotia","3.9","00000","   Nuu-chah-nulth (Nootka)","0","0","5"
"12","Nova Scotia","3.9","00000","   Wakashan languages, n.i.e.","0","0","0"
"12","Nova Scotia","3.9","00000"," Aboriginal languages, n.o.s.","5","0","0"
"13","New Brunswick","3.9","00000","Aboriginal languages","2325","995","1320"
"13","New Brunswick","3.9","00000"," Algonquian languages","2275","975","1285"
"13","New Brunswick","3.9","00000","   Blackfoot","0","0","0"
"13","New Brunswick","3.9","00000","   Cree-Montagnais languages","15","5","10"
"13","New Brunswick","3.9","00000","     Atikamekw","0","0","0"
"13","New Brunswick","3.9","00000","     Montagnais (Innu)","0","0","0"
"13","New Brunswick","3.9","00000","     Moose Cree","0","0","0"
"13","New Brunswick","3.9","00000","     Naskapi","0","0","0"
"13","New Brunswick","3.9","00000","     Northern East Cree","0","0","0"
"13","New Brunswick","3.9","00000","     Plains Cree","0","0","0"
"13","New Brunswick","3.9","00000","     Southern East Cree","0","0","0"
"13","New Brunswick","3.9","00000","     Swampy Cree","5","0","5"
"13","New Brunswick","3.9","00000","     Woods Cree","0","5","0"
"13","New Brunswick","3.9","00000","     Cree, n.o.s.","5","0","5"
"13","New Brunswick","3.9","00000","   Eastern Algonquian languages","2255","975","1275"
"13","New Brunswick","3.9","00000","     Malecite","330","100","365"
"13","New Brunswick","3.9","00000","     Mi'kmaq","1925","870","905"
"13","New Brunswick","3.9","00000","   Ojibway-Potawatomi languages","5","5","0"
"13","New Brunswick","3.9","00000","     Algonquin","0","0","0"
"13","New Brunswick","3.9","00000","     Ojibway","5","0","0"
"13","New Brunswick","3.9","00000","     Oji-Cree","0","0","0"
"13","New Brunswick","3.9","00000","     Ottawa (Odawa)","0","0","0"
"13","New Brunswick","3.9","00000","   Algonquian languages, n.i.e.","0","0","0"
"13","New Brunswick","3.9","00000"," Athabaskan languages","5","0","0"
"13","New Brunswick","3.9","00000","   Northern Athabaskan languages","0","0","0"
"13","New Brunswick","3.9","00000","     Babine (Wetsuwet'en)","0","0","0"
"13","New Brunswick","3.9","00000","     Beaver","0","0","0"
"13","New Brunswick","3.9","00000","     Carrier","0","0","0"
"13","New Brunswick","3.9","00000","     Chilcotin","0","0","0"
"13","New Brunswick","3.9","00000","     Dene","0","0","0"
"13","New Brunswick","3.9","00000","     Dogrib (Tlicho)","0","0","0"
"13","New Brunswick","3.9","00000","     Gwich'in","0","0","0"
"13","New Brunswick","3.9","00000","     Sarsi (Sarcee)","0","0","0"
"13","New Brunswick","3.9","00000","     Sekani","0","0","0"
"13","New Brunswick","3.9","00000","     Slavey-Hare languages","0","0","0"
"13","New Brunswick","3.9","00000","       North Slavey (Hare)","0","0","0"
"13","New Brunswick","3.9","00000","       South Slavey","5","0","0"
"13","New Brunswick","3.9","00000","       Slavey, n.o.s.","0","0","0"
"13","New Brunswick","3.9","00000","     Tahltan languages","0","0","0"
"13","New Brunswick","3.9","00000","       Kaska (Nahani)","0","0","0"
"13","New Brunswick","3.9","00000","       Tahltan","0","0","0"
"13","New Brunswick","3.9","00000","     Tutchone languages","0","0","0"
"13","New Brunswick","3.9","00000","       Northern Tutchone","0","0","0"
"13","New Brunswick","3.9","00000","       Southern Tutchone","0","0","0"
"13","New Brunswick","3.9","00000","   Athabaskan languages, n.i.e.","5","0","5"
"13","New Brunswick","3.9","00000"," Haida","0","0","0"
"13","New Brunswick","3.9","00000"," Inuit languages","25","10","25"
"13","New Brunswick","3.9","00000","   Inuinnaqtun","0","0","0"
"13","New Brunswick","3.9","00000","   Inuktitut","20","5","20"
"13","New Brunswick","3.9","00000","   Inuvialuktun","0","0","0"
"13","New Brunswick","3.9","00000","   Inuit languages, n.i.e.","10","5","5"
"13","New Brunswick","3.9","00000"," Iroquoian languages","5","0","0"
"13","New Brunswick","3.9","00000","   Cayuga","0","0","0"
"13","New Brunswick","3.9","00000","   Mohawk","0","0","0"
"13","New Brunswick","3.9","00000","   Oneida","0","5","0"
"13","New Brunswick","3.9","00000","   Iroquoian languages, n.i.e.","0","0","0"
"13","New Brunswick","3.9","00000"," Kutenai","0","0","0"
"13","New Brunswick","3.9","00000"," Michif","5","0","0"
"13","New Brunswick","3.9","00000"," Salish languages","0","0","0"
"13","New Brunswick","3.9","00000","   Comox","0","0","0"
"13","New Brunswick","3.9","00000","   Halkomelem","0","0","0"
"13","New Brunswick","3.9","00000","   Lillooet","0","0","0"
"13","New Brunswick","3.9","00000","   Okanagan","0","0","0"
"13","New Brunswick","3.9","00000","   Shuswap (Secwepemctsin)","0","0","0"
"13","New Brunswick","3.9","00000","   Squamish","0","0","0"
"13","New Brunswick","3.9","00000","   Straits","0","0","0"
"13","New Brunswick","3.9","00000","   Thompson (Ntlakapamux)","0","0","0"
"13","New Brunswick","3.9","00000","   Salish languages, n.i.e.","0","0","0"
"13","New Brunswick","3.9","00000"," Siouan languages","0","0","0"
"13","New Brunswick","3.9","00000","   Dakota","0","5","0"
"13","New Brunswick","3.9","00000","   Stoney","0","0","0"
"13","New Brunswick","3.9","00000","   Siouan languages, n.i.e.","0","0","0"
"13","New Brunswick","3.9","00000"," Tlingit","0","0","0"
"13","New Brunswick","3.9","00000"," Tsimshian languages","0","0","0"
"13","New Brunswick","3.9","00000","   Gitxsan (Gitksan)","0","0","0"
"13","New Brunswick","3.9","00000","   Nisga'a","0","0","0"
"13","New Brunswick","3.9","00000","   Tsimshian","0","0","0"
"13","New Brunswick","3.9","00000"," Wakashan languages","0","0","0"
"13","New Brunswick","3.9","00000","   Haisla","0","0","0"
"13","New Brunswick","3.9","00000","   Heiltsuk","0","0","0"
"13","New Brunswick","3.9","00000","   Kwakiutl (Kwak'wala)","0","0","0"
"13","New Brunswick","3.9","00000","   Nuu-chah-nulth (Nootka)","0","0","0"
"13","New Brunswick","3.9","00000","   Wakashan languages, n.i.e.","0","0","0"
"13","New Brunswick","3.9","00000"," Aboriginal languages, n.o.s.","10","0","10"
"24","Quebec","3.7","20000","Aboriginal languages","47030","42595","6115"
"24","Quebec","3.7","20000"," Algonquian languages","34345","30820","4990"
"24","Quebec","3.7","20000","   Blackfoot","5","0","0"
"24","Quebec","3.7","20000","   Cree-Montagnais languages","32230","29625","3770"
"24","Quebec","3.7","20000","     Atikamekw","6295","5810","580"
"24","Quebec","3.7","20000","     Montagnais (Innu)","9160","8250","1200"
"24","Quebec","3.7","20000","     Moose Cree","5","0","0"
"24","Quebec","3.7","20000","     Naskapi","610","605","100"
"24","Quebec","3.7","20000","     Northern East Cree","150","110","45"
"24","Quebec","3.7","20000","     Plains Cree","5","0","5"
"24","Quebec","3.7","20000","     Southern East Cree","35","20","10"
"24","Quebec","3.7","20000","     Swampy Cree","5","5","0"
"24","Quebec","3.7","20000","     Woods Cree","10","0","5"
"24","Quebec","3.7","20000","     Cree, n.o.s.","15965","14820","1825"
"24","Quebec","3.7","20000","   Eastern Algonquian languages","555","355","370"
"24","Quebec","3.7","20000","     Malecite","0","0","0"
"24","Quebec","3.7","20000","     Mi'kmaq","555","355","370"
"24","Quebec","3.7","20000","   Ojibway-Potawatomi languages","1545","840","845"
"24","Quebec","3.7","20000","     Algonquin","1505","810","795"
"24","Quebec","3.7","20000","     Ojibway","35","25","45"
"24","Quebec","3.7","20000","     Oji-Cree","5","0","0"
"24","Quebec","3.7","20000","     Ottawa (Odawa)","0","0","0"
"24","Quebec","3.7","20000","   Algonquian languages, n.i.e.","10","0","5"
"24","Quebec","3.7","20000"," Athabaskan languages","15","0","5"
"24","Quebec","3.7","20000","   Northern Athabaskan languages","15","5","10"
"24","Quebec","3.7","20000","     Babine (Wetsuwet'en)","0","0","0"
"24","Quebec","3.7","20000","     Beaver","0","0","0"
"24","Quebec","3.7","20000","     Carrier","0","0","0"
"24","Quebec","3.7","20000","     Chilcotin","5","0","0"
"24","Quebec","3.7","20000","     Dene","0","0","0"
"24","Quebec","3.7","20000","     Dogrib (Tlicho)","0","0","0"
"24","Quebec","3.7","20000","     Gwich'in","0","0","0"
"24","Quebec","3.7","20000","     Sarsi (Sarcee)","0","0","0"
"24","Quebec","3.7","20000","     Sekani","0","0","0"
"24","Quebec","3.7","20000","     Slavey-Hare languages","5","0","0"
"24","Quebec","3.7","20000","       North Slavey (Hare)","0","0","0"
"24","Quebec","3.7","20000","       South Slavey","0","0","0"
"24","Quebec","3.7","20000","       Slavey, n.o.s.","10","0","5"
"24","Quebec","3.7","20000","     Tahltan languages","0","0","0"
"24","Quebec","3.7","20000","       Kaska (Nahani)","0","0","0"
"24","Quebec","3.7","20000","       Tahltan","0","0","0"
"24","Quebec","3.7","20000","     Tutchone languages","0","0","0"
"24","Quebec","3.7","20000","       Northern Tutchone","0","0","0"
"24","Quebec","3.7","20000","       Southern Tutchone","0","0","0"
"24","Quebec","3.7","20000","   Athabaskan languages, n.i.e.","0","0","0"
"24","Quebec","3.7","20000"," Haida","0","0","0"
"24","Quebec","3.7","20000"," Inuit languages","12130","11550","685"
"24","Quebec","3.7","20000","   Inuinnaqtun","0","0","5"
"24","Quebec","3.7","20000","   Inuktitut","12040","11505","645"
"24","Quebec","3.7","20000","   Inuvialuktun","0","0","0"
"24","Quebec","3.7","20000","   Inuit languages, n.i.e.","90","45","35"
"24","Quebec","3.7","20000"," Iroquoian languages","440","155","390"
"24","Quebec","3.7","20000","   Cayuga","5","0","0"
"24","Quebec","3.7","20000","   Mohawk","425","145","380"
"24","Quebec","3.7","20000","   Oneida","0","0","0"
"24","Quebec","3.7","20000","   Iroquoian languages, n.i.e.","10","5","10"
"24","Quebec","3.7","20000"," Kutenai","0","0","0"
"24","Quebec","3.7","20000"," Michif","5","10","0"
"24","Quebec","3.7","20000"," Salish languages","5","5","5"
"24","Quebec","3.7","20000","   Comox","0","0","0"
"24","Quebec","3.7","20000","   Halkomelem","0","0","0"
"24","Quebec","3.7","20000","   Lillooet","0","0","0"
"24","Quebec","3.7","20000","   Okanagan","0","0","0"
"24","Quebec","3.7","20000","   Shuswap (Secwepemctsin)","0","0","0"
"24","Quebec","3.7","20000","   Squamish","0","0","0"
"24","Quebec","3.7","20000","   Straits","0","0","0"
"24","Quebec","3.7","20000","   Thompson (Ntlakapamux)","0","0","5"
"24","Quebec","3.7","20000","   Salish languages, n.i.e.","0","5","0"
"24","Quebec","3.7","20000"," Siouan languages","5","0","0"
"24","Quebec","3.7","20000","   Dakota","5","0","0"
"24","Quebec","3.7","20000","   Stoney","0","0","0"
"24","Quebec","3.7","20000","   Siouan languages, n.i.e.","0","0","0"
"24","Quebec","3.7","20000"," Tlingit","0","0","0"
"24","Quebec","3.7","20000"," Tsimshian languages","0","0","5"
"24","Quebec","3.7","20000","   Gitxsan (Gitksan)","0","0","0"
"24","Quebec","3.7","20000","   Nisga'a","0","0","0"
"24","Quebec","3.7","20000","   Tsimshian","0","0","0"
"24","Quebec","3.7","20000"," Wakashan languages","0","0","0"
"24","Quebec","3.7","20000","   Haisla","0","0","0"
"24","Quebec","3.7","20000","   Heiltsuk","0","0","0"
"24","Quebec","3.7","20000","   Kwakiutl (Kwak'wala)","0","0","0"
"24","Quebec","3.7","20000","   Nuu-chah-nulth (Nootka)","0","0","0"
"24","Quebec","3.7","20000","   Wakashan languages, n.i.e.","0","0","0"
"24","Quebec","3.7","20000"," Aboriginal languages, n.o.s.","80","50","45"
"35","Ontario","3.7","20000","Aboriginal languages","25730","12500","14500"
"35","Ontario","3.7","20000"," Algonquian languages","23705","11450","13015"
"35","Ontario","3.7","20000","   Blackfoot","15","0","10"
"35","Ontario","3.7","20000","   Cree-Montagnais languages","5695","2985","2335"
"35","Ontario","3.7","20000","     Atikamekw","5","0","0"
"35","Ontario","3.7","20000","     Montagnais (Innu)","10","5","5"
"35","Ontario","3.7","20000","     Moose Cree","105","40","55"
"35","Ontario","3.7","20000","     Naskapi","15","10","5"
"35","Ontario","3.7","20000","     Northern East Cree","70","35","35"
"35","Ontario","3.7","20000","     Plains Cree","50","20","20"
"35","Ontario","3.7","20000","     Southern East Cree","5","0","5"
"35","Ontario","3.7","20000","     Swampy Cree","435","205","175"
"35","Ontario","3.7","20000","     Woods Cree","20","5","15"
"35","Ontario","3.7","20000","     Cree, n.o.s.","4990","2655","2025"
"35","Ontario","3.7","20000","   Eastern Algonquian languages","105","40","75"
"35","Ontario","3.7","20000","     Malecite","5","5","5"
"35","Ontario","3.7","20000","     Mi'kmaq","100","40","70"
"35","Ontario","3.7","20000","   Ojibway-Potawatomi languages","17840","8400","10545"
"35","Ontario","3.7","20000","     Algonquin","75","25","90"
"35","Ontario","3.7","20000","     Ojibway","10790","4770","7545"
"35","Ontario","3.7","20000","     Oji-Cree","6810","3490","2845"
"35","Ontario","3.7","20000","     Ottawa (Odawa)","165","115","65"
"35","Ontario","3.7","20000","   Algonquian languages, n.i.e.","45","25","50"
"35","Ontario","3.7","20000"," Athabaskan languages","65","30","20"
"35","Ontario","3.7","20000","   Northern Athabaskan languages","60","25","25"
"35","Ontario","3.7","20000","     Babine (Wetsuwet'en)","5","0","0"
"35","Ontario","3.7","20000","     Beaver","0","0","0"
"35","Ontario","3.7","20000","     Carrier","5","10","5"
"35","Ontario","3.7","20000","     Chilcotin","5","0","0"
"35","Ontario","3.7","20000","     Dene","30","5","10"
"35","Ontario","3.7","20000","     Dogrib (Tlicho)","5","0","5"
"35","Ontario","3.7","20000","     Gwich'in","5","5","0"
"35","Ontario","3.7","20000","     Sarsi (Sarcee)","5","5","0"
"35","Ontario","3.7","20000","     Sekani","0","0","0"
"35","Ontario","3.7","20000","     Slavey-Hare languages","5","0","5"
"35","Ontario","3.7","20000","       North Slavey (Hare)","0","0","5"
"35","Ontario","3.7","20000","       South Slavey","0","0","0"
"35","Ontario","3.7","20000","       Slavey, n.o.s.","5","0","5"
"35","Ontario","3.7","20000","     Tahltan languages","0","0","0"
"35","Ontario","3.7","20000","       Kaska (Nahani)","0","0","0"
"35","Ontario","3.7","20000","       Tahltan","0","0","5"
"35","Ontario","3.7","20000","     Tutchone languages","0","0","0"
"35","Ontario","3.7","20000","       Northern Tutchone","0","0","0"
"35","Ontario","3.7","20000","       Southern Tutchone","0","0","0"
"35","Ontario","3.7","20000","   Athabaskan languages, n.i.e.","5","5","0"
"35","Ontario","3.7","20000"," Haida","5","0","0"
"35","Ontario","3.7","20000"," Inuit languages","585","325","265"
"35","Ontario","3.7","20000","   Inuinnaqtun","0","0","5"
"35","Ontario","3.7","20000","   Inuktitut","515","290","245"
"35","Ontario","3.7","20000","   Inuvialuktun","0","0","0"
"35","Ontario","3.7","20000","   Inuit languages, n.i.e.","70","35","20"
"35","Ontario","3.7","20000"," Iroquoian languages","990","500","945"
"35","Ontario","3.7","20000","   Cayuga","50","30","70"
"35","Ontario","3.7","20000","   Mohawk","825","410","730"
"35","Ontario","3.7","20000","   Oneida","90","55","125"
"35","Ontario","3.7","20000","   Iroquoian languages, n.i.e.","25","5","25"
"35","Ontario","3.7","20000"," Kutenai","0","0","0"
"35","Ontario","3.7","20000"," Michif","55","20","50"
"35","Ontario","3.7","20000"," Salish languages","10","0","15"
"35","Ontario","3.7","20000","   Comox","0","0","0"
"35","Ontario","3.7","20000","   Halkomelem","0","0","5"
"35","Ontario","3.7","20000","   Lillooet","0","0","0"
"35","Ontario","3.7","20000","   Okanagan","0","5","0"
"35","Ontario","3.7","20000","   Shuswap (Secwepemctsin)","5","0","10"
"35","Ontario","3.7","20000","   Squamish","0","0","0"
"35","Ontario","3.7","20000","   Straits","0","0","0"
"35","Ontario","3.7","20000","   Thompson (Ntlakapamux)","0","0","0"
"35","Ontario","3.7","20000","   Salish languages, n.i.e.","0","0","0"
"35","Ontario","3.7","20000"," Siouan languages","15","10","20"
"35","Ontario","3.7","20000","   Dakota","5","0","15"
"35","Ontario","3.7","20000","   Stoney","0","0","0"
"35","Ontario","3.7","20000","   Siouan languages, n.i.e.","5","5","5"
"35","Ontario","3.7","20000"," Tlingit","0","0","0"
"35","Ontario","3.7","20000"," Tsimshian languages","5","0","0"
"35","Ontario","3.7","20000","   Gitxsan (Gitksan)","5","0","0"
"35","Ontario","3.7","20000","   Nisga'a","0","0","0"
"35","Ontario","3.7","20000","   Tsimshian","0","0","0"
"35","Ontario","3.7","20000"," Wakashan languages","5","0","5"
"35","Ontario","3.7","20000","   Haisla","0","0","0"
"35","Ontario","3.7","20000","   Heiltsuk","0","0","0"
"35","Ontario","3.7","20000","   Kwakiutl (Kwak'wala)","5","0","0"
"35","Ontario","3.7","20000","   Nuu-chah-nulth (Nootka)","5","0","0"
"35","Ontario","3.7","20000","   Wakashan languages, n.i.e.","0","0","0"
"35","Ontario","3.7","20000"," Aboriginal languages, n.o.s.","285","165","165"
"46","Manitoba","4.3","00000","Aboriginal languages","32750","19325","16185"
"46","Manitoba","4.3","00000"," Algonquian languages","30910","18430","15295"
"46","Manitoba","4.3","00000","   Blackfoot","5","5","0"
"46","Manitoba","4.3","00000","   Cree-Montagnais languages","16350","9515","8985"
"46","Manitoba","4.3","00000","     Atikamekw","0","0","0"
"46","Manitoba","4.3","00000","     Montagnais (Innu)","0","0","5"
"46","Manitoba","4.3","00000","     Moose Cree","0","0","5"
"46","Manitoba","4.3","00000","     Naskapi","0","0","0"
"46","Manitoba","4.3","00000","     Northern East Cree","35","15","15"
"46","Manitoba","4.3","00000","     Plains Cree","95","50","40"
"46","Manitoba","4.3","00000","     Southern East Cree","0","0","0"
"46","Manitoba","4.3","00000","     Swampy Cree","960","440","485"
"46","Manitoba","4.3","00000","     Woods Cree","80","40","75"
"46","Manitoba","4.3","00000","     Cree, n.o.s.","15175","8965","8375"
"46","Manitoba","4.3","00000","   Eastern Algonquian languages","10","0","0"
"46","Manitoba","4.3","00000","     Malecite","0","0","0"
"46","Manitoba","4.3","00000","     Mi'kmaq","10","0","0"
"46","Manitoba","4.3","00000","   Ojibway-Potawatomi languages","14545","8915","6300"
"46","Manitoba","4.3","00000","     Algonquin","5","0","0"
"46","Manitoba","4.3","00000","     Ojibway","7760","3615","4115"
"46","Manitoba","4.3","00000","     Oji-Cree","6775","5305","2190"
"46","Manitoba","4.3","00000","     Ottawa (Odawa)","0","0","0"
"46","Manitoba","4.3","00000","   Algonquian languages, n.i.e.","0","0","0"
"46","Manitoba","4.3","00000"," Athabaskan languages","875","680","390"
"46","Manitoba","4.3","00000","   Northern Athabaskan languages","870","675","390"
"46","Manitoba","4.3","00000","     Babine (Wetsuwet'en)","0","0","0"
"46","Manitoba","4.3","00000","     Beaver","0","0","0"
"46","Manitoba","4.3","00000","     Carrier","5","0","0"
"46","Manitoba","4.3","00000","     Chilcotin","0","0","0"
"46","Manitoba","4.3","00000","     Dene","865","675","385"
"46","Manitoba","4.3","00000","     Dogrib (Tlicho)","0","0","0"
"46","Manitoba","4.3","00000","     Gwich'in","0","0","0"
"46","Manitoba","4.3","00000","     Sarsi (Sarcee)","0","0","5"
"46","Manitoba","4.3","00000","     Sekani","0","0","0"
"46","Manitoba","4.3","00000","     Slavey-Hare languages","5","0","5"
"46","Manitoba","4.3","00000","       North Slavey (Hare)","0","0","0"
"46","Manitoba","4.3","00000","       South Slavey","0","0","0"
"46","Manitoba","4.3","00000","       Slavey, n.o.s.","5","0","0"
"46","Manitoba","4.3","00000","     Tahltan languages","0","0","0"
"46","Manitoba","4.3","00000","       Kaska (Nahani)","0","0","0"
"46","Manitoba","4.3","00000","       Tahltan","0","0","0"
"46","Manitoba","4.3","00000","     Tutchone languages","0","0","0"
"46","Manitoba","4.3","00000","       Northern Tutchone","0","0","0"
"46","Manitoba","4.3","00000","       Southern Tutchone","0","0","0"
"46","Manitoba","4.3","00000","   Athabaskan languages, n.i.e.","0","0","0"
"46","Manitoba","4.3","00000"," Haida","0","0","0"
"46","Manitoba","4.3","00000"," Inuit languages","105","55","60"
"46","Manitoba","4.3","00000","   Inuinnaqtun","0","0","0"
"46","Manitoba","4.3","00000","   Inuktitut","85","40","55"
"46","Manitoba","4.3","00000","   Inuvialuktun","0","0","0"
"46","Manitoba","4.3","00000","   Inuit languages, n.i.e.","20","10","5"
"46","Manitoba","4.3","00000"," Iroquoian languages","0","5","5"
"46","Manitoba","4.3","00000","   Cayuga","0","0","0"
"46","Manitoba","4.3","00000","   Mohawk","0","0","5"
"46","Manitoba","4.3","00000","   Oneida","0","0","0"
"46","Manitoba","4.3","00000","   Iroquoian languages, n.i.e.","0","5","5"
"46","Manitoba","4.3","00000"," Kutenai","0","0","0"
"46","Manitoba","4.3","00000"," Michif","135","50","50"
"46","Manitoba","4.3","00000"," Salish languages","5","0","0"
"46","Manitoba","4.3","00000","   Comox","0","0","0"
"46","Manitoba","4.3","00000","   Halkomelem","0","0","0"
"46","Manitoba","4.3","00000","   Lillooet","0","0","0"
"46","Manitoba","4.3","00000","   Okanagan","0","0","0"
"46","Manitoba","4.3","00000","   Shuswap (Secwepemctsin)","0","0","0"
"46","Manitoba","4.3","00000","   Squamish","0","0","0"
"46","Manitoba","4.3","00000","   Straits","0","0","0"
"46","Manitoba","4.3","00000","   Thompson (Ntlakapamux)","0","0","0"
"46","Manitoba","4.3","00000","   Salish languages, n.i.e.","0","0","0"
"46","Manitoba","4.3","00000"," Siouan languages","680","90","375"
"46","Manitoba","4.3","00000","   Dakota","685","90","370"
"46","Manitoba","4.3","00000","   Stoney","0","0","0"
"46","Manitoba","4.3","00000","   Siouan languages, n.i.e.","0","0","0"
"46","Manitoba","4.3","00000"," Tlingit","0","0","0"
"46","Manitoba","4.3","00000"," Tsimshian languages","5","0","0"
"46","Manitoba","4.3","00000","   Gitxsan (Gitksan)","5","5","0"
"46","Manitoba","4.3","00000","   Nisga'a","0","0","0"
"46","Manitoba","4.3","00000","   Tsimshian","5","0","0"
"46","Manitoba","4.3","00000"," Wakashan languages","5","0","5"
"46","Manitoba","4.3","00000","   Haisla","0","0","0"
"46","Manitoba","4.3","00000","   Heiltsuk","0","0","5"
"46","Manitoba","4.3","00000","   Kwakiutl (Kwak'wala)","0","0","0"
"46","Manitoba","4.3","00000","   Nuu-chah-nulth (Nootka)","0","0","0"
"46","Manitoba","4.3","00000","   Wakashan languages, n.i.e.","0","0","0"
"46","Manitoba","4.3","00000"," Aboriginal languages, n.o.s.","25","5","15"
"47","Saskatchewan","4.8","00000","Aboriginal languages","31370","19585","13580"
"47","Saskatchewan","4.8","00000"," Algonquian languages","22460","12580","11240"
"47","Saskatchewan","4.8","00000","   Blackfoot","15","5","5"
"47","Saskatchewan","4.8","00000","   Cree-Montagnais languages","21385","12335","10540"
"47","Saskatchewan","4.8","00000","     Atikamekw","0","0","0"
"47","Saskatchewan","4.8","00000","     Montagnais (Innu)","0","0","0"
"47","Saskatchewan","4.8","00000","     Moose Cree","5","0","0"
"47","Saskatchewan","4.8","00000","     Naskapi","5","0","0"
"47","Saskatchewan","4.8","00000","     Northern East Cree","35","15","20"
"47","Saskatchewan","4.8","00000","     Plains Cree","2350","1615","1315"
"47","Saskatchewan","4.8","00000","     Southern East Cree","5","5","0"
"47","Saskatchewan","4.8","00000","     Swampy Cree","310","240","125"
"47","Saskatchewan","4.8","00000","     Woods Cree","890","340","605"
"47","Saskatchewan","4.8","00000","     Cree, n.o.s.","17790","10120","8470"
"47","Saskatchewan","4.8","00000","   Eastern Algonquian languages","5","5","0"
"47","Saskatchewan","4.8","00000","     Malecite","0","0","0"
"47","Saskatchewan","4.8","00000","     Mi'kmaq","5","0","0"
"47","Saskatchewan","4.8","00000","   Ojibway-Potawatomi languages","1055","240","690"
"47","Saskatchewan","4.8","00000","     Algonquin","0","0","5"
"47","Saskatchewan","4.8","00000","     Ojibway","1050","240","680"
"47","Saskatchewan","4.8","00000","     Oji-Cree","10","0","5"
"47","Saskatchewan","4.8","00000","     Ottawa (Odawa)","0","0","0"
"47","Saskatchewan","4.8","00000","   Algonquian languages, n.i.e.","0","0","0"
"47","Saskatchewan","4.8","00000"," Athabaskan languages","8250","6780","1820"
"47","Saskatchewan","4.8","00000","   Northern Athabaskan languages","8245","6780","1815"
"47","Saskatchewan","4.8","00000","     Babine (Wetsuwet'en)","0","0","0"
"47","Saskatchewan","4.8","00000","     Beaver","0","0","0"
"47","Saskatchewan","4.8","00000","     Carrier","0","0","0"
"47","Saskatchewan","4.8","00000","     Chilcotin","0","0","0"
"47","Saskatchewan","4.8","00000","     Dene","8240","6780","1815"
"47","Saskatchewan","4.8","00000","     Dogrib (Tlicho)","0","0","0"
"47","Saskatchewan","4.8","00000","     Gwich'in","5","0","0"
"47","Saskatchewan","4.8","00000","     Sarsi (Sarcee)","0","0","0"
"47","Saskatchewan","4.8","00000","     Sekani","0","0","0"
"47","Saskatchewan","4.8","00000","     Slavey-Hare languages","0","0","0"
"47","Saskatchewan","4.8","00000","       North Slavey (Hare)","5","0","0"
"47","Saskatchewan","4.8","00000","       South Slavey","0","0","0"
"47","Saskatchewan","4.8","00000","       Slavey, n.o.s.","0","0","0"
"47","Saskatchewan","4.8","00000","     Tahltan languages","0","0","0"
"47","Saskatchewan","4.8","00000","       Kaska (Nahani)","0","0","0"
"47","Saskatchewan","4.8","00000","       Tahltan","0","0","0"
"47","Saskatchewan","4.8","00000","     Tutchone languages","0","0","0"
"47","Saskatchewan","4.8","00000","       Northern Tutchone","0","0","0"
"47","Saskatchewan","4.8","00000","       Southern Tutchone","0","0","0"
"47","Saskatchewan","4.8","00000","   Athabaskan languages, n.i.e.","5","0","5"
"47","Saskatchewan","4.8","00000"," Haida","5","0","0"
"47","Saskatchewan","4.8","00000"," Inuit languages","40","10","25"
"47","Saskatchewan","4.8","00000","   Inuinnaqtun","5","0","0"
"47","Saskatchewan","4.8","00000","   Inuktitut","25","5","20"
"47","Saskatchewan","4.8","00000","   Inuvialuktun","0","0","0"
"47","Saskatchewan","4.8","00000","   Inuit languages, n.i.e.","15","5","5"
"47","Saskatchewan","4.8","00000"," Iroquoian languages","5","5","5"
"47","Saskatchewan","4.8","00000","   Cayuga","0","0","0"
"47","Saskatchewan","4.8","00000","   Mohawk","0","0","5"
"47","Saskatchewan","4.8","00000","   Oneida","0","0","0"
"47","Saskatchewan","4.8","00000","   Iroquoian languages, n.i.e.","0","0","0"
"47","Saskatchewan","4.8","00000"," Kutenai","0","0","0"
"47","Saskatchewan","4.8","00000"," Michif","330","140","190"
"47","Saskatchewan","4.8","00000"," Salish languages","5","0","5"
"47","Saskatchewan","4.8","00000","   Comox","0","0","0"
"47","Saskatchewan","4.8","00000","   Halkomelem","0","0","0"
"47","Saskatchewan","4.8","00000","   Lillooet","0","0","0"
"47","Saskatchewan","4.8","00000","   Okanagan","0","0","0"
"47","Saskatchewan","4.8","00000","   Shuswap (Secwepemctsin)","5","0","5"
"47","Saskatchewan","4.8","00000","   Squamish","0","0","0"
"47","Saskatchewan","4.8","00000","   Straits","0","0","0"
"47","Saskatchewan","4.8","00000","   Thompson (Ntlakapamux)","0","0","0"
"47","Saskatchewan","4.8","00000","   Salish languages, n.i.e.","0","0","0"
"47","Saskatchewan","4.8","00000"," Siouan languages","265","60","290"
"47","Saskatchewan","4.8","00000","   Dakota","220","45","250"
"47","Saskatchewan","4.8","00000","   Stoney","0","0","10"
"47","Saskatchewan","4.8","00000","   Siouan languages, n.i.e.","45","20","35"
"47","Saskatchewan","4.8","00000"," Tlingit","0","0","0"
"47","Saskatchewan","4.8","00000"," Tsimshian languages","0","0","0"
"47","Saskatchewan","4.8","00000","   Gitxsan (Gitksan)","0","0","0"
"47","Saskatchewan","4.8","00000","   Nisga'a","0","0","0"
"47","Saskatchewan","4.8","00000","   Tsimshian","5","0","0"
"47","Saskatchewan","4.8","00000"," Wakashan languages","0","0","0"
"47","Saskatchewan","4.8","00000","   Haisla","0","0","0"
"47","Saskatchewan","4.8","00000","   Heiltsuk","0","0","0"
"47","Saskatchewan","4.8","00000","   Kwakiutl (Kwak'wala)","0","0","0"
"47","Saskatchewan","4.8","00000","   Nuu-chah-nulth (Nootka)","0","0","0"
"47","Saskatchewan","4.8","00000","   Wakashan languages, n.i.e.","0","0","0"
"47","Saskatchewan","4.8","00000"," Aboriginal languages, n.o.s.","10","5","5"
"48","Alberta","4.7","20000","Aboriginal languages","27175","13535","17535"
"48","Alberta","4.7","20000"," Algonquian languages","21185","10320","14715"
"48","Alberta","4.7","20000","   Blackfoot","3385","1840","3045"
"48","Alberta","4.7","20000","   Cree-Montagnais languages","17125","8180","11290"
"48","Alberta","4.7","20000","     Atikamekw","0","0","0"
"48","Alberta","4.7","20000","     Montagnais (Innu)","0","0","0"
"48","Alberta","4.7","20000","     Moose Cree","10","0","5"
"48","Alberta","4.7","20000","     Naskapi","0","0","0"
"48","Alberta","4.7","20000","     Northern East Cree","50","35","40"
"48","Alberta","4.7","20000","     Plains Cree","955","400","615"
"48","Alberta","4.7","20000","     Southern East Cree","5","0","0"
"48","Alberta","4.7","20000","     Swampy Cree","60","15","40"
"48","Alberta","4.7","20000","     Woods Cree","970","700","210"
"48","Alberta","4.7","20000","     Cree, n.o.s.","15080","7020","10390"
"48","Alberta","4.7","20000","   Eastern Algonquian languages","40","10","35"
"48","Alberta","4.7","20000","     Malecite","0","0","0"
"48","Alberta","4.7","20000","     Mi'kmaq","40","5","30"
"48","Alberta","4.7","20000","   Ojibway-Potawatomi languages","630","290","340"
"48","Alberta","4.7","20000","     Algonquin","10","0","5"
"48","Alberta","4.7","20000","     Ojibway","605","285","320"
"48","Alberta","4.7","20000","     Oji-Cree","15","5","10"
"48","Alberta","4.7","20000","     Ottawa (Odawa)","0","0","0"
"48","Alberta","4.7","20000","   Algonquian languages, n.i.e.","5","0","10"
"48","Alberta","4.7","20000"," Athabaskan languages","2020","750","1270"
"48","Alberta","4.7","20000","   Northern Athabaskan languages","2010","750","1270"
"48","Alberta","4.7","20000","     Babine (Wetsuwet'en)","5","0","0"
"48","Alberta","4.7","20000","     Beaver","45","15","20"
"48","Alberta","4.7","20000","     Carrier","20","5","10"
"48","Alberta","4.7","20000","     Chilcotin","5","0","5"
"48","Alberta","4.7","20000","     Dene","1570","620","985"
"48","Alberta","4.7","20000","     Dogrib (Tlicho)","45","15","35"
"48","Alberta","4.7","20000","     Gwich'in","20","5","10"
"48","Alberta","4.7","20000","     Sarsi (Sarcee)","85","10","90"
"48","Alberta","4.7","20000","     Sekani","5","0","0"
"48","Alberta","4.7","20000","     Slavey-Hare languages","210","80","115"
"48","Alberta","4.7","20000","       North Slavey (Hare)","15","5","5"
"48","Alberta","4.7","20000","       South Slavey","160","70","95"
"48","Alberta","4.7","20000","       Slavey, n.o.s.","40","10","20"
"48","Alberta","4.7","20000","     Tahltan languages","5","0","5"
"48","Alberta","4.7","20000","       Kaska (Nahani)","0","5","0"
"48","Alberta","4.7","20000","       Tahltan","5","0","5"
"48","Alberta","4.7","20000","     Tutchone languages","5","0","5"
"48","Alberta","4.7","20000","       Northern Tutchone","5","0","5"
"48","Alberta","4.7","20000","       Southern Tutchone","0","0","0"
"48","Alberta","4.7","20000","   Athabaskan languages, n.i.e.","10","0","5"
"48","Alberta","4.7","20000"," Haida","0","0","0"
"48","Alberta","4.7","20000"," Inuit languages","140","25","95"
"48","Alberta","4.7","20000","   Inuinnaqtun","10","5","15"
"48","Alberta","4.7","20000","   Inuktitut","70","15","40"
"48","Alberta","4.7","20000","   Inuvialuktun","15","5","5"
"48","Alberta","4.7","20000","   Inuit languages, n.i.e.","45","10","30"
"48","Alberta","4.7","20000"," Iroquoian languages","20","5","15"
"48","Alberta","4.7","20000","   Cayuga","0","0","0"
"48","Alberta","4.7","20000","   Mohawk","15","5","5"
"48","Alberta","4.7","20000","   Oneida","0","0","0"
"48","Alberta","4.7","20000","   Iroquoian languages, n.i.e.","0","5","5"
"48","Alberta","4.7","20000"," Kutenai","5","0","5"
"48","Alberta","4.7","20000"," Michif","115","25","35"
"48","Alberta","4.7","20000"," Salish languages","15","0","15"
"48","Alberta","4.7","20000","   Comox","0","0","0"
"48","Alberta","4.7","20000","   Halkomelem","5","0","5"
"48","Alberta","4.7","20000","   Lillooet","0","0","0"
"48","Alberta","4.7","20000","   Okanagan","5","5","0"
"48","Alberta","4.7","20000","   Shuswap (Secwepemctsin)","5","0","0"
"48","Alberta","4.7","20000","   Squamish","0","0","5"
"48","Alberta","4.7","20000","   Straits","0","0","0"
"48","Alberta","4.7","20000","   Thompson (Ntlakapamux)","0","0","0"
"48","Alberta","4.7","20000","   Salish languages, n.i.e.","5","0","0"
"48","Alberta","4.7","20000"," Siouan languages","3580","2360","1340"
"48","Alberta","4.7","20000","   Dakota","375","210","190"
"48","Alberta","4.7","20000","   Stoney","3200","2145","1145"
"48","Alberta","4.7","20000","   Siouan languages, n.i.e.","5","0","5"
"48","Alberta","4.7","20000"," Tlingit","5","0","0"
"48","Alberta","4.7","20000"," Tsimshian languages","15","0","15"
"48","Alberta","4.7","20000","   Gitxsan (Gitksan)","0","0","5"
"48","Alberta","4.7","20000","   Nisga'a","10","0","5"
"48","Alberta","4.7","20000","   Tsimshian","0","0","5"
"48","Alberta","4.7","20000"," Wakashan languages","5","0","0"
"48","Alberta","4.7","20000","   Haisla","0","0","0"
"48","Alberta","4.7","20000","   Heiltsuk","5","0","0"
"48","Alberta","4.7","20000","   Kwakiutl (Kwak'wala)","5","0","0"
"48","Alberta","4.7","20000","   Nuu-chah-nulth (Nootka)","5","0","0"
"48","Alberta","4.7","20000","   Wakashan languages, n.i.e.","0","0","0"
"48","Alberta","4.7","20000"," Aboriginal languages, n.o.s.","65","40","30"
"59","British Columbia","4.9","20000","Aboriginal languages","10450","3180","8060"
"59","British Columbia","4.9","20000"," Algonquian languages","1375","370","740"
"59","British Columbia","4.9","20000","   Blackfoot","45","5","30"
"59","British Columbia","4.9","20000","   Cree-Montagnais languages","1110","305","615"
"59","British Columbia","4.9","20000","     Atikamekw","0","0","0"
"59","British Columbia","4.9","20000","     Montagnais (Innu)","5","0","0"
"59","British Columbia","4.9","20000","     Moose Cree","10","0","10"
"59","British Columbia","4.9","20000","     Naskapi","0","0","0"
"59","British Columbia","4.9","20000","     Northern East Cree","20","5","10"
"59","British Columbia","4.9","20000","     Plains Cree","190","65","130"
"59","British Columbia","4.9","20000","     Southern East Cree","0","0","0"
"59","British Columbia","4.9","20000","     Swampy Cree","35","5","10"
"59","British Columbia","4.9","20000","     Woods Cree","70","15","45"
"59","British Columbia","4.9","20000","     Cree, n.o.s.","790","215","410"
"59","British Columbia","4.9","20000","   Eastern Algonquian languages","20","5","10"
"59","British Columbia","4.9","20000","     Malecite","5","0","0"
"59","British Columbia","4.9","20000","     Mi'kmaq","20","5","10"
"59","British Columbia","4.9","20000","   Ojibway-Potawatomi languages","200","45","90"
"59","British Columbia","4.9","20000","     Algonquin","10","0","5"
"59","British Columbia","4.9","20000","     Ojibway","185","45","85"
"59","British Columbia","4.9","20000","     Oji-Cree","10","0","0"
"59","British Columbia","4.9","20000","     Ottawa (Odawa)","0","5","0"
"59","British Columbia","4.9","20000","   Algonquian languages, n.i.e.","0","0","5"
"59","British Columbia","4.9","20000"," Athabaskan languages","2775","1075","1760"
"59","British Columbia","4.9","20000","   Northern Athabaskan languages","2755","1070","1760"
"59","British Columbia","4.9","20000","     Babine (Wetsuwet'en)","130","40","105"
"59","British Columbia","4.9","20000","     Beaver","180","70","85"
"59","British Columbia","4.9","20000","     Carrier","1200","465","795"
"59","British Columbia","4.9","20000","     Chilcotin","780","385","430"
"59","British Columbia","4.9","20000","     Dene","130","45","30"
"59","British Columbia","4.9","20000","     Dogrib (Tlicho)","10","5","5"
"59","British Columbia","4.9","20000","     Gwich'in","15","5","0"
"59","British Columbia","4.9","20000","     Sarsi (Sarcee)","5","0","0"
"59","British Columbia","4.9","20000","     Sekani","95","25","75"
"59","British Columbia","4.9","20000","     Slavey-Hare languages","100","15","55"
"59","British Columbia","4.9","20000","       North Slavey (Hare)","5","0","0"
"59","British Columbia","4.9","20000","       South Slavey","20","0","20"
"59","British Columbia","4.9","20000","       Slavey, n.o.s.","70","20","30"
"59","British Columbia","4.9","20000","     Tahltan languages","115","20","170"
"59","British Columbia","4.9","20000","       Kaska (Nahani)","15","0","15"
"59","British Columbia","4.9","20000","       Tahltan","105","20","155"
"59","British Columbia","4.9","20000","     Tutchone languages","10","5","0"
"59","British Columbia","4.9","20000","       Northern Tutchone","5","5","5"
"59","British Columbia","4.9","20000","       Southern Tutchone","0","0","0"
"59","British Columbia","4.9","20000","   Athabaskan languages, n.i.e.","15","5","5"
"59","British Columbia","4.9","20000"," Haida","125","35","240"
"59","British Columbia","4.9","20000"," Inuit languages","105","20","55"
"59","British Columbia","4.9","20000","   Inuinnaqtun","0","0","0"
"59","British Columbia","4.9","20000","   Inuktitut","60","15","45"
"59","British Columbia","4.9","20000","   Inuvialuktun","15","0","10"
"59","British Columbia","4.9","20000","   Inuit languages, n.i.e.","25","5","0"
"59","British Columbia","4.9","20000"," Iroquoian languages","20","0","25"
"59","British Columbia","4.9","20000","   Cayuga","0","0","0"
"59","British Columbia","4.9","20000","   Mohawk","15","0","20"
"59","British Columbia","4.9","20000","   Oneida","0","0","0"
"59","British Columbia","4.9","20000","   Iroquoian languages, n.i.e.","5","0","10"
"59","British Columbia","4.9","20000"," Kutenai","115","20","120"
"59","British Columbia","4.9","20000"," Michif","55","25","25"
"59","British Columbia","4.9","20000"," Salish languages","2820","690","2930"
"59","British Columbia","4.9","20000","   Comox","85","5","105"
"59","British Columbia","4.9","20000","   Halkomelem","585","105","575"
"59","British Columbia","4.9","20000","   Lillooet","360","60","465"
"59","British Columbia","4.9","20000","   Okanagan","330","150","340"
"59","British Columbia","4.9","20000","   Shuswap (Secwepemctsin)","625","210","605"
"59","British Columbia","4.9","20000","   Squamish","55","10","135"
"59","British Columbia","4.9","20000","   Straits","110","50","235"
"59","British Columbia","4.9","20000","   Thompson (Ntlakapamux)","375","45","240"
"59","British Columbia","4.9","20000","   Salish languages, n.i.e.","290","60","235"
"59","British Columbia","4.9","20000"," Siouan languages","55","25","25"
"59","British Columbia","4.9","20000","   Dakota","30","15","10"
"59","British Columbia","4.9","20000","   Stoney","10","10","10"
"59","British Columbia","4.9","20000","   Siouan languages, n.i.e.","10","5","10"
"59","British Columbia","4.9","20000"," Tlingit","30","0","40"
"59","British Columbia","4.9","20000"," Tsimshian languages","1695","600","1260"
"59","British Columbia","4.9","20000","   Gitxsan (Gitksan)","1010","420","530"
"59","British Columbia","4.9","20000","   Nisga'a","450","120","575"
"59","British Columbia","4.9","20000","   Tsimshian","230","60","155"
"59","British Columbia","4.9","20000"," Wakashan languages","1045","240","680"
"59","British Columbia","4.9","20000","   Haisla","145","70","60"
"59","British Columbia","4.9","20000","   Heiltsuk","120","10","55"
"59","British Columbia","4.9","20000","   Kwakiutl (Kwak'wala)","425","75","300"
"59","British Columbia","4.9","20000","   Nuu-chah-nulth (Nootka)","345","80","255"
"59","British Columbia","4.9","20000","   Wakashan languages, n.i.e.","15","0","15"
"59","British Columbia","4.9","20000"," Aboriginal languages, n.o.s.","240","75","140"
"60","Yukon","6.7","00100","Aboriginal languages","825","150","595"
"60","Yukon","6.7","00100"," Algonquian languages","30","5","10"
"60","Yukon","6.7","00100","   Blackfoot","0","0","0"
"60","Yukon","6.7","00100","   Cree-Montagnais languages","25","0","5"
"60","Yukon","6.7","00100","     Atikamekw","0","0","0"
"60","Yukon","6.7","00100","     Montagnais (Innu)","0","0","0"
"60","Yukon","6.7","00100","     Moose Cree","0","0","0"
"60","Yukon","6.7","00100","     Naskapi","5","0","0"
"60","Yukon","6.7","00100","     Northern East Cree","0","0","0"
"60","Yukon","6.7","00100","     Plains Cree","0","5","0"
"60","Yukon","6.7","00100","     Southern East Cree","0","0","0"
"60","Yukon","6.7","00100","     Swampy Cree","0","0","0"
"60","Yukon","6.7","00100","     Woods Cree","0","0","0"
"60","Yukon","6.7","00100","     Cree, n.o.s.","25","0","5"
"60","Yukon","6.7","00100","   Eastern Algonquian languages","0","0","0"
"60","Yukon","6.7","00100","     Malecite","0","0","0"
"60","Yukon","6.7","00100","     Mi'kmaq","0","0","0"
"60","Yukon","6.7","00100","   Ojibway-Potawatomi languages","5","5","5"
"60","Yukon","6.7","00100","     Algonquin","0","0","0"
"60","Yukon","6.7","00100","     Ojibway","5","5","5"
"60","Yukon","6.7","00100","     Oji-Cree","0","0","0"
"60","Yukon","6.7","00100","     Ottawa (Odawa)","0","0","0"
"60","Yukon","6.7","00100","   Algonquian languages, n.i.e.","0","0","0"
"60","Yukon","6.7","00100"," Athabaskan languages","675","120","450"
"60","Yukon","6.7","00100","   Northern Athabaskan languages","660","120","430"
"60","Yukon","6.7","00100","     Babine (Wetsuwet'en)","0","0","0"
"60","Yukon","6.7","00100","     Beaver","0","0","0"
"60","Yukon","6.7","00100","     Carrier","0","0","0"
"60","Yukon","6.7","00100","     Chilcotin","0","0","0"
"60","Yukon","6.7","00100","     Dene","10","5","0"
"60","Yukon","6.7","00100","     Dogrib (Tlicho)","0","0","0"
"60","Yukon","6.7","00100","     Gwich'in","95","20","80"
"60","Yukon","6.7","00100","     Sarsi (Sarcee)","0","0","0"
"60","Yukon","6.7","00100","     Sekani","0","0","0"
"60","Yukon","6.7","00100","     Slavey-Hare languages","5","0","10"
"60","Yukon","6.7","00100","       North Slavey (Hare)","5","0","5"
"60","Yukon","6.7","00100","       South Slavey","0","0","0"
"60","Yukon","6.7","00100","       Slavey, n.o.s.","5","0","5"
"60","Yukon","6.7","00100","     Tahltan languages","185","45","180"
"60","Yukon","6.7","00100","       Kaska (Nahani)","180","45","180"
"60","Yukon","6.7","00100","       Tahltan","5","0","0"
"60","Yukon","6.7","00100","     Tutchone languages","360","55","160"
"60","Yukon","6.7","00100","       Northern Tutchone","280","40","90"
"60","Yukon","6.7","00100","       Southern Tutchone","80","15","70"
"60","Yukon","6.7","00100","   Athabaskan languages, n.i.e.","15","5","20"
"60","Yukon","6.7","00100"," Haida","0","0","0"
"60","Yukon","6.7","00100"," Inuit languages","20","10","10"
"60","Yukon","6.7","00100","   Inuinnaqtun","0","0","0"
"60","Yukon","6.7","00100","   Inuktitut","5","5","5"
"60","Yukon","6.7","00100","   Inuvialuktun","10","5","10"
"60","Yukon","6.7","00100","   Inuit languages, n.i.e.","5","5","0"
"60","Yukon","6.7","00100"," Iroquoian languages","0","0","0"
"60","Yukon","6.7","00100","   Cayuga","0","0","0"
"60","Yukon","6.7","00100","   Mohawk","0","0","0"
"60","Yukon","6.7","00100","   Oneida","0","0","0"
"60","Yukon","6.7","00100","   Iroquoian languages, n.i.e.","0","0","0"
"60","Yukon","6.7","00100"," Kutenai","0","0","0"
"60","Yukon","6.7","00100"," Michif","0","0","0"
"60","Yukon","6.7","00100"," Salish languages","5","0","0"
"60","Yukon","6.7","00100","   Comox","0","0","0"
"60","Yukon","6.7","00100","   Halkomelem","5","0","0"
"60","Yukon","6.7","00100","   Lillooet","0","0","0"
"60","Yukon","6.7","00100","   Okanagan","0","0","0"
"60","Yukon","6.7","00100","   Shuswap (Secwepemctsin)","5","0","0"
"60","Yukon","6.7","00100","   Squamish","0","0","0"
"60","Yukon","6.7","00100","   Straits","0","0","0"
"60","Yukon","6.7","00100","   Thompson (Ntlakapamux)","0","0","0"
"60","Yukon","6.7","00100","   Salish languages, n.i.e.","0","0","0"
"60","Yukon","6.7","00100"," Siouan languages","5","5","0"
"60","Yukon","6.7","00100","   Dakota","0","0","0"
"60","Yukon","6.7","00100","   Stoney","5","0","0"
"60","Yukon","6.7","00100","   Siouan languages, n.i.e.","0","0","0"
"60","Yukon","6.7","00100"," Tlingit","80","10","110"
"60","Yukon","6.7","00100"," Tsimshian languages","0","0","0"
"60","Yukon","6.7","00100","   Gitxsan (Gitksan)","5","0","0"
"60","Yukon","6.7","00100","   Nisga'a","0","0","0"
"60","Yukon","6.7","00100","   Tsimshian","0","0","0"
"60","Yukon","6.7","00100"," Wakashan languages","0","0","0"
"60","Yukon","6.7","00100","   Haisla","0","0","0"
"60","Yukon","6.7","00100","   Heiltsuk","0","0","0"
"60","Yukon","6.7","00100","   Kwakiutl (Kwak'wala)","0","0","0"
"60","Yukon","6.7","00100","   Nuu-chah-nulth (Nootka)","0","0","0"
"60","Yukon","6.7","00100","   Wakashan languages, n.i.e.","0","0","0"
"60","Yukon","6.7","00100"," Aboriginal languages, n.o.s.","10","5","5"
"61","Northwest Territories","7.5","00100","Aboriginal languages","4945","2355","3010"
"61","Northwest Territories","7.5","00100"," Algonquian languages","170","35","85"
"61","Northwest Territories","7.5","00100","   Blackfoot","0","0","0"
"61","Northwest Territories","7.5","00100","   Cree-Montagnais languages","145","25","75"
"61","Northwest Territories","7.5","00100","     Atikamekw","0","0","0"
"61","Northwest Territories","7.5","00100","     Montagnais (Innu)","0","0","0"
"61","Northwest Territories","7.5","00100","     Moose Cree","0","0","0"
"61","Northwest Territories","7.5","00100","     Naskapi","0","0","0"
"61","Northwest Territories","7.5","00100","     Northern East Cree","0","0","0"
"61","Northwest Territories","7.5","00100","     Plains Cree","5","0","0"
"61","Northwest Territories","7.5","00100","     Southern East Cree","0","0","0"
"61","Northwest Territories","7.5","00100","     Swampy Cree","5","0","0"
"61","Northwest Territories","7.5","00100","     Woods Cree","0","0","0"
"61","Northwest Territories","7.5","00100","     Cree, n.o.s.","135","25","75"
"61","Northwest Territories","7.5","00100","   Eastern Algonquian languages","5","5","0"
"61","Northwest Territories","7.5","00100","     Malecite","0","0","0"
"61","Northwest Territories","7.5","00100","     Mi'kmaq","0","0","0"
"61","Northwest Territories","7.5","00100","   Ojibway-Potawatomi languages","15","5","5"
"61","Northwest Territories","7.5","00100","     Algonquin","0","0","0"
"61","Northwest Territories","7.5","00100","     Ojibway","15","5","5"
"61","Northwest Territories","7.5","00100","     Oji-Cree","0","0","0"
"61","Northwest Territories","7.5","00100","     Ottawa (Odawa)","0","5","0"
"61","Northwest Territories","7.5","00100","   Algonquian languages, n.i.e.","0","0","0"
"61","Northwest Territories","7.5","00100"," Athabaskan languages","4095","2195","2340"
"61","Northwest Territories","7.5","00100","   Northern Athabaskan languages","4090","2190","2340"
"61","Northwest Territories","7.5","00100","     Babine (Wetsuwet'en)","0","0","0"
"61","Northwest Territories","7.5","00100","     Beaver","0","0","0"
"61","Northwest Territories","7.5","00100","     Carrier","0","0","0"
"61","Northwest Territories","7.5","00100","     Chilcotin","0","0","0"
"61","Northwest Territories","7.5","00100","     Dene","470","185","240"
"61","Northwest Territories","7.5","00100","     Dogrib (Tlicho)","1675","1120","885"
"61","Northwest Territories","7.5","00100","     Gwich'in","155","30","140"
"61","Northwest Territories","7.5","00100","     Sarsi (Sarcee)","0","0","0"
"61","Northwest Territories","7.5","00100","     Sekani","0","0","0"
"61","Northwest Territories","7.5","00100","     Slavey-Hare languages","1785","850","1075"
"61","Northwest Territories","7.5","00100","       North Slavey (Hare)","790","395","390"
"61","Northwest Territories","7.5","00100","       South Slavey","815","360","575"
"61","Northwest Territories","7.5","00100","       Slavey, n.o.s.","185","95","115"
"61","Northwest Territories","7.5","00100","     Tahltan languages","0","0","0"
"61","Northwest Territories","7.5","00100","       Kaska (Nahani)","0","0","0"
"61","Northwest Territories","7.5","00100","       Tahltan","0","0","0"
"61","Northwest Territories","7.5","00100","     Tutchone languages","0","0","0"
"61","Northwest Territories","7.5","00100","       Northern Tutchone","0","0","0"
"61","Northwest Territories","7.5","00100","       Southern Tutchone","0","0","0"
"61","Northwest Territories","7.5","00100","   Athabaskan languages, n.i.e.","5","5","0"
"61","Northwest Territories","7.5","00100"," Haida","0","0","0"
"61","Northwest Territories","7.5","00100"," Inuit languages","665","110","575"
"61","Northwest Territories","7.5","00100","   Inuinnaqtun","100","15","155"
"61","Northwest Territories","7.5","00100","   Inuktitut","125","35","95"
"61","Northwest Territories","7.5","00100","   Inuvialuktun","420","60","315"
"61","Northwest Territories","7.5","00100","   Inuit languages, n.i.e.","20","10","15"
"61","Northwest Territories","7.5","00100"," Iroquoian languages","0","5","0"
"61","Northwest Territories","7.5","00100","   Cayuga","0","0","0"
"61","Northwest Territories","7.5","00100","   Mohawk","5","5","0"
"61","Northwest Territories","7.5","00100","   Oneida","0","0","0"
"61","Northwest Territories","7.5","00100","   Iroquoian languages, n.i.e.","0","0","0"
"61","Northwest Territories","7.5","00100"," Kutenai","0","0","0"
"61","Northwest Territories","7.5","00100"," Michif","15","5","5"
"61","Northwest Territories","7.5","00100"," Salish languages","0","0","0"
"61","Northwest Territories","7.5","00100","   Comox","0","0","0"
"61","Northwest Territories","7.5","00100","   Halkomelem","0","0","0"
"61","Northwest Territories","7.5","00100","   Lillooet","0","0","0"
"61","Northwest Territories","7.5","00100","   Okanagan","0","0","0"
"61","Northwest Territories","7.5","00100","   Shuswap (Secwepemctsin)","0","0","0"
"61","Northwest Territories","7.5","00100","   Squamish","0","0","0"
"61","Northwest Territories","7.5","00100","   Straits","0","0","0"
"61","Northwest Territories","7.5","00100","   Thompson (Ntlakapamux)","5","0","0"
"61","Northwest Territories","7.5","00100","   Salish languages, n.i.e.","0","0","0"
"61","Northwest Territories","7.5","00100"," Siouan languages","0","0","0"
"61","Northwest Territories","7.5","00100","   Dakota","0","0","0"
"61","Northwest Territories","7.5","00100","   Stoney","0","0","0"
"61","Northwest Territories","7.5","00100","   Siouan languages, n.i.e.","0","0","0"
"61","Northwest Territories","7.5","00100"," Tlingit","0","0","0"
"61","Northwest Territories","7.5","00100"," Tsimshian languages","0","0","0"
"61","Northwest Territories","7.5","00100","   Gitxsan (Gitksan)","0","0","0"
"61","Northwest Territories","7.5","00100","   Nisga'a","0","0","0"
"61","Northwest Territories","7.5","00100","   Tsimshian","0","0","0"
"61","Northwest Territories","7.5","00100"," Wakashan languages","0","0","0"
"61","Northwest Territories","7.5","00100","   Haisla","0","0","0"
"61","Northwest Territories","7.5","00100","   Heiltsuk","0","0","0"
"61","Northwest Territories","7.5","00100","   Kwakiutl (Kwak'wala)","0","0","0"
"61","Northwest Territories","7.5","00100","   Nuu-chah-nulth (Nootka)","0","0","0"
"61","Northwest Territories","7.5","00100","   Wakashan languages, n.i.e.","0","0","0"
"61","Northwest Territories","7.5","00100"," Aboriginal languages, n.o.s.","0","5","0"
"62","Nunavut","7.9","00100","Aboriginal languages","23280","18305","8015"
"62","Nunavut","7.9","00100"," Algonquian languages","15","5","5"
"62","Nunavut","7.9","00100","   Blackfoot","0","0","0"
"62","Nunavut","7.9","00100","   Cree-Montagnais languages","5","0","5"
"62","Nunavut","7.9","00100","     Atikamekw","0","0","0"
"62","Nunavut","7.9","00100","     Montagnais (Innu)","0","0","0"
"62","Nunavut","7.9","00100","     Moose Cree","0","0","0"
"62","Nunavut","7.9","00100","     Naskapi","0","0","0"
"62","Nunavut","7.9","00100","     Northern East Cree","0","0","0"
"62","Nunavut","7.9","00100","     Plains Cree","0","0","0"
"62","Nunavut","7.9","00100","     Southern East Cree","0","0","0"
"62","Nunavut","7.9","00100","     Swampy Cree","0","0","0"
"62","Nunavut","7.9","00100","     Woods Cree","0","0","0"
"62","Nunavut","7.9","00100","     Cree, n.o.s.","5","0","5"
"62","Nunavut","7.9","00100","   Eastern Algonquian languages","10","0","0"
"62","Nunavut","7.9","00100","     Malecite","0","0","0"
"62","Nunavut","7.9","00100","     Mi'kmaq","5","0","0"
"62","Nunavut","7.9","00100","   Ojibway-Potawatomi languages","5","5","0"
"62","Nunavut","7.9","00100","     Algonquin","0","0","0"
"62","Nunavut","7.9","00100","     Ojibway","0","5","0"
"62","Nunavut","7.9","00100","     Oji-Cree","0","0","0"
"62","Nunavut","7.9","00100","     Ottawa (Odawa)","0","0","0"
"62","Nunavut","7.9","00100","   Algonquian languages, n.i.e.","0","0","0"
"62","Nunavut","7.9","00100"," Athabaskan languages","0","0","5"
"62","Nunavut","7.9","00100","   Northern Athabaskan languages","0","0","0"
"62","Nunavut","7.9","00100","     Babine (Wetsuwet'en)","0","0","0"
"62","Nunavut","7.9","00100","     Beaver","0","0","0"
"62","Nunavut","7.9","00100","     Carrier","0","0","0"
"62","Nunavut","7.9","00100","     Chilcotin","0","0","0"
"62","Nunavut","7.9","00100","     Dene","0","0","5"
"62","Nunavut","7.9","00100","     Dogrib (Tlicho)","0","0","0"
"62","Nunavut","7.9","00100","     Gwich'in","0","0","0"
"62","Nunavut","7.9","00100","     Sarsi (Sarcee)","0","0","0"
"62","Nunavut","7.9","00100","     Sekani","0","0","0"
"62","Nunavut","7.9","00100","     Slavey-Hare languages","0","0","0"
"62","Nunavut","7.9","00100","       North Slavey (Hare)","0","0","0"
"62","Nunavut","7.9","00100","       South Slavey","0","0","0"
"62","Nunavut","7.9","00100","       Slavey, n.o.s.","0","0","0"
"62","Nunavut","7.9","00100","     Tahltan languages","0","0","0"
"62","Nunavut","7.9","00100","       Kaska (Nahani)","0","0","0"
"62","Nunavut","7.9","00100","       Tahltan","0","0","0"
"62","Nunavut","7.9","00100","     Tutchone languages","0","0","0"
"62","Nunavut","7.9","00100","       Northern Tutchone","0","0","0"
"62","Nunavut","7.9","00100","       Southern Tutchone","0","0","0"
"62","Nunavut","7.9","00100","   Athabaskan languages, n.i.e.","0","0","0"
"62","Nunavut","7.9","00100"," Haida","0","0","0"
"62","Nunavut","7.9","00100"," Inuit languages","23265","18295","8005"
"62","Nunavut","7.9","00100","   Inuinnaqtun","550","130","730"
"62","Nunavut","7.9","00100","   Inuktitut","22670","18145","7265"
"62","Nunavut","7.9","00100","   Inuvialuktun","10","0","5"
"62","Nunavut","7.9","00100","   Inuit languages, n.i.e.","35","25","0"
"62","Nunavut","7.9","00100"," Iroquoian languages","0","0","0"
"62","Nunavut","7.9","00100","   Cayuga","0","0","0"
"62","Nunavut","7.9","00100","   Mohawk","0","0","0"
"62","Nunavut","7.9","00100","   Oneida","0","0","0"
"62","Nunavut","7.9","00100","   Iroquoian languages, n.i.e.","0","0","0"
"62","Nunavut","7.9","00100"," Kutenai","0","0","0"
"62","Nunavut","7.9","00100"," Michif","0","0","0"
"62","Nunavut","7.9","00100"," Salish languages","0","0","0"
"62","Nunavut","7.9","00100","   Comox","0","0","0"
"62","Nunavut","7.9","00100","   Halkomelem","0","0","0"
"62","Nunavut","7.9","00100","   Lillooet","0","0","0"
"62","Nunavut","7.9","00100","   Okanagan","0","0","0"
"62","Nunavut","7.9","00100","   Shuswap (Secwepemctsin)","0","0","0"
"62","Nunavut","7.9","00100","   Squamish","0","0","0"
"62","Nunavut","7.9","00100","   Straits","0","0","0"
"62","Nunavut","7.9","00100","   Thompson (Ntlakapamux)","0","0","0"
"62","Nunavut","7.9","00100","   Salish languages, n.i.e.","0","0","0"
"62","Nunavut","7.9","00100"," Siouan languages","0","0","0"
"62","Nunavut","7.9","00100","   Dakota","0","0","0"
"62","Nunavut","7.9","00100","   Stoney","0","0","0"
"62","Nunavut","7.9","00100","   Siouan languages, n.i.e.","0","0","0"
"62","Nunavut","7.9","00100"," Tlingit","0","0","0"
"62","Nunavut","7.9","00100"," Tsimshian languages","0","0","0"
"62","Nunavut","7.9","00100","   Gitxsan (Gitksan)","0","0","0"
"62","Nunavut","7.9","00100","   Nisga'a","0","0","0"
"62","Nunavut","7.9","00100","   Tsimshian","0","0","0"
"62","Nunavut","7.9","00100"," Wakashan languages","0","0","0"
"62","Nunavut","7.9","00100","   Haisla","0","0","0"
"62","Nunavut","7.9","00100","   Heiltsuk","0","0","0"
"62","Nunavut","7.9","00100","   Kwakiutl (Kwak'wala)","0","0","0"
"62","Nunavut","7.9","00100","   Nuu-chah-nulth (Nootka)","0","0","0"
"62","Nunavut","7.9","00100","   Wakashan languages, n.i.e.","0","0","0"
"62","Nunavut","7.9","00100"," Aboriginal languages, n.o.s.","0","0","0"

